uid,name,age,gender,zip
0,Alanda D Corter,48,F,37183
1,Esper G Guerritts,17,F,27105
4,Joham T Richmidt,7,M,16875
5,Howan U Horntone,32,M,60829
8,Adelins D Rober,82,F,47417
10,Liano H Tuckley,56,M,53343
11,Nathew U Herrin,70,M,28789
12,Leilah W Bakers,96,F,59570
13,Patrid A Bearson,60,F,45660
16,Ellia T Travo,52,F,45393
17,Hollia N Jenna,9,F,68634
18,Leonas E Evan,79,M,17274
19,Trinley O Glenzier,99,F,54695
20,Nichary C Hulley,40,M,52997
21,Valey R Hickley,66,F,42300
23,Zandy N Zavage,77,M,13266
24,Clar O Sanch,87,F,49995
25,Armain V Menders,45,M,62367
26,Killy O McDonal,63,M,21066
27,Collie K Gilberty,22,M,56469
30,Johanie M Jarvey,98,F,63391
31,Jordo A Colla,5,M,64158
34,Ximen R Pennis,67,F,70368
35,Serene I Dele,49,F,11420
37,Zyairo G Duarez,52,M,74857
38,Carolia C Math,90,F,16473
39,Keilana L Medingh,43,F,10273
42,Taylo J Nelsen,11,M,52856
43,Eiley T Belton,81,F,60584
44,Vivia K Bride,49,F,19070
45,Emilah F Hannor,51,F,63982
47,Johana Y Jimene,28,F,51967
49,Patrice G Berrista,96,F,55513
50,Gradler Z Alexand,29,M,23205
51,Jamian U Marsen,29,M,65799
52,Benner D Niels,79,M,61569
53,Kenity U Delan,3,F,22126
55,Bodiel M Taylore,44,M,43253
56,Karee O Clemin,10,M,14773
57,Abdie C McCalls,39,M,28159
58,Adrick X Changel,38,M,10308
60,Clyden Z Allinson,95,M,26802
66,Cynter O Lawrencis,36,F,41706
67,Aubreya R Kell,53,F,35519
70,Becker A Ochols,48,M,41280
72,Santan C Meltrano,75,M,69239
73,Brigo V Norter,41,M,49669
75,Ophelby R Wallaham,19,F,62442
77,Jani I Hortega,69,F,59943
78,Amberty A Banklina,87,F,66605
79,Santer H Cartin,60,M,30539
81,Loren V Ayer,84,F,15823
82,Ellian A Carley,41,M,57952
83,Willio Q Benning,18,M,57147
84,Theodor F Starker,2,M,43719
85,Kallia Z Gilmora,77,F,27603
86,Caine C Willy,93,M,33898
88,Lennan V Shafford,45,M,37741
90,Jeffred V Pughes,74,M,19648
91,Rogelo N Marson,16,M,18089
92,Valeb F Jenson,69,M,39090
93,Ronio O Meding,62,M,20095
95,Yamirah C Russey,66,F,71236
96,Kyleen B Fleman,45,F,45980
99,Giden P Peter,35,M,24744
100,Jacquel G Mayna,43,F,24080
101,Alvator O Whitez,88,M,70512
102,Ricar X Bland,36,M,56837
104,Jonan V Howardin,29,M,58033
105,Miloh Q Pecker,33,M,57211
106,Deshaan R Oneid,79,M,53719
107,Lachlander E Hodgess,92,M,44111
108,Kella T Simmond,88,F,18251
109,Genelody A Suarey,85,F,48698
110,Ariam A Brownington,83,F,28373
111,Ainslee W Trevinson,38,F,39649
112,Kristen R Kerrison,71,M,62405
114,Vivie R Jeffey,53,F,52167
116,Blakai X Lamber,90,M,48952
118,Marce N Cortista,10,M,45428
119,Jerrance G Nichmon,18,M,73737
125,Housef F Tangel,88,M,30791
126,Tayla J Alva,3,F,57022
129,Liberly O Oconnero,70,F,21509
131,Seban N Barks,50,M,13956
132,Alariel J Villes,24,M,22937
133,Skylee N Ayerson,63,F,23593
134,Kaire X Santura,54,M,37368
135,Legene B Kram,71,M,19682
136,Kamilynn C Perkinson,6,F,61168
137,Keila N Schael,80,F,19187
138,Daniyah N Cranklin,56,F,63725
140,Canniel X Olivery,51,M,41496
141,Jaylon Z Hintes,13,M,49911
143,Zandre Z Compson,57,M,48970
144,Hassac R Bankensen,59,M,35043
145,Damiloh R Spearson,85,M,33361
146,Kynleen U Jarada,91,F,43938
148,Yamiyah U Markers,14,F,52257
149,Laina M Chasey,97,F,14425
150,Jamira L Roberta,36,F,27115
151,Karlow I Navara,38,F,54270
152,Blaina B Summer,70,F,17503
154,Vincen Y Mulline,17,M,33142
155,Lenner V Giller,59,M,39217
157,Emmary L Turnett,9,F,74591
161,Emora N Nields,62,F,59976
164,Cadeon X Mannon,20,M,63117
165,Maline Z Pierry,54,F,47103
170,Seren D Florest,32,F,49034
171,Briannahi A Hodger,100,F,54339
172,Raylor N Reyers,83,M,28690
174,Emmaly H Zamos,27,F,15907
176,Astrelia J Nichard,84,F,14138
177,Florine M Hayders,38,F,40273
178,Xavion M Morroll,86,M,17969
179,Margan X Mario,36,F,20325
181,Chardo S Westes,91,M,74314
182,Jerick E Quinneda,24,M,21116
183,Deandler H Loza,93,M,68963
184,Jaspian U Warez,73,M,16387
185,Moshua G Juare,65,M,11088
186,Adaliyah U Channa,52,F,55998
187,Dakob R Huntes,21,M,11991
189,Dari X Boyler,46,M,71928
190,Darick U Willarks,85,M,18540
192,Abrahim H Dennell,94,M,58552
194,Jessan B Pera,58,M,66145
195,Karel S Livins,51,F,21483
197,Chasen B Wrigginson,33,M,47834
198,Frid I Prock,29,F,18981
200,Nick I Harre,5,M,15060
201,Mallie A Morand,4,F,55892
203,Roycen S Smitt,30,M,29223
204,Britta O Cisner,69,F,20071
205,Debora F Simons,38,F,57206
207,Waden W Domin,55,M,12876
209,Austus Z Carrea,31,M,65074
210,Fishop V Andrice,29,M,71235
211,Leonin B Manneller,28,M,14047
212,Jaylani Z Anderon,65,F,74636
213,Kylah U Warnett,80,F,15458
217,Maximilo N Velace,8,M,20955
218,Raine K Cocha,89,F,24062
219,Lueliana I Christers,39,F,39123
220,Jaydences J Warrett,76,F,37270
222,Salvator X Parrez,71,M,19019
223,Sincer D Andriggs,94,M,47929
225,Blai J Rosa,56,M,39464
226,Esthena I Schroe,15,F,48573
227,Kendyn A Hoodman,10,F,50294
228,Ivannon O Quinner,11,M,29393
229,Aubrine H Fowlanch,97,F,15309
230,Bren G Harton,45,M,56786
231,Aver O Brencis,38,M,17344
232,Apollon M Nashing,31,M,24822
233,Edwardo M Estero,43,M,73070
235,Josher I Rolla,19,M,49256
237,Haislee I Evanson,29,F,18740
238,Lenne K McPherd,46,F,74643
241,Keilyn D Alfaross,40,F,25233
242,Giovah C Livings,7,F,32493
243,Konnis B Tannon,93,M,41087
244,Briah H Rasmusso,40,M,35520
246,Bishalid G Freder,56,M,21287
249,Jocely Z Rowler,15,F,73492
251,Crystaley T Richa,72,F,50457
253,Scarl N Blackson,7,F,57763
254,Keylani A Curton,60,F,22408
255,Jeric U Yatel,69,M,26174
256,Braely S Huangel,94,F,48573
258,Mileah M Sierry,92,F,27551
259,Marter I Khann,99,M,53641
264,Marsyn N Haydena,18,M,14704
266,Zairo O Morte,1,M,51844
267,Quinnedy H Gregos,54,F,65257
269,Leannah L Mores,11,F,22722
270,Jeromeo F Hard,62,M,56683
271,Zechael U Fostens,86,M,16176
272,Kenni E Acost,31,M,47401
273,Felip X Tannan,25,M,19467
274,Alor Z Livinson,11,F,36013
276,Bianna C Cohenship,76,F,68323
277,Carlie N Hampos,74,F,63545
278,Yoses Z Delanco,42,M,13955
279,Graydon O Arell,5,M,11887
280,Camira U Schmond,27,F,17526
282,Rogel L Bravis,78,M,44942
284,Brenceton C Woodson,16,M,26401
285,Mosef Z Sance,11,M,54444
287,Paisy Z Ramire,21,F,26338
288,Mathan V Warnes,85,M,13950
289,Maximon Q Aguire,79,M,70436
290,Prinne O Millar,6,F,13269
291,Zahim D Gillandez,26,M,69725
292,Trina A Fuentu,21,F,47385
293,Fordon A Boones,41,M,28051
294,Kenny T Lawrencia,93,F,27328
295,Mohan N Balders,1,M,27407
298,Jessac F Bowery,63,M,60162
299,Jerman B Romers,33,M,10467
302,Gwendy F Bautis,99,F,35251
304,Laileth R Weavez,33,F,69728
305,Nicoln V Vancias,92,M,31329
306,Mylana Q Carrell,28,F,32085
308,Maddeus O Saundez,13,M,36354
309,Gunnard E Bryantos,3,M,75204
310,Princo F Rosarin,83,M,35507
312,Clariah T Mannis,6,M,63053
313,Tessie T McCald,94,F,51353
314,Emilynn N Gutierra,43,F,43061
315,Austina A Cunning,86,F,29023
316,Elaia Z Lower,32,F,57908
317,Hadalupe M Deler,94,F,40155
318,Chanesi U Solomond,50,F,34257
320,Philo E Simond,64,M,11568
321,Randon H Terra,1,M,62027
322,Ricah H Zimmon,22,M,50174
323,Ryana M Monrada,17,F,24181
325,Dakarius K Oconney,65,M,43219
326,Rand D Woody,92,M,72154
327,Valena F Leston,67,F,45204
328,Gerance M Velarden,38,M,14484
331,Gustice C Bonillo,99,M,65596
332,Vancisco Y Moone,26,M,31417
334,Connon Z Cost,30,M,22647
336,Philling N Lambers,2,M,18660
337,Hayde M Hugher,99,F,18462
338,Elliann M Velar,47,F,36168
339,Ibraham D Dilliams,37,M,45129
340,Natasia E Lovery,10,F,44434
341,Camery O Hanch,97,M,41887
344,Prissah V Monrady,26,F,73753
345,Thaley K Farmon,47,F,70094
348,Yehudah S Chensons,27,M,43777
349,Claudith K Quinton,38,F,60863
350,Kenne X Frano,94,F,59811
351,Cataley J Clina,64,F,36655
352,Eman D Barbert,76,M,14217
353,Kianna H Cordon,97,F,49568
356,Londry Z Mayes,96,F,12839
357,Camilah Y Rosaring,17,F,48513
359,Cassia E Mill,5,F,25442
360,Lacely X Bartez,72,F,11537
361,Aust P Gard,10,M,67153
362,Viena U Cobbins,30,F,61933
363,Magnoliana R Bernand,42,F,43003
364,Cedro M Mayers,27,M,15574
365,Kailette P Randa,15,F,31751
368,Itzaya F Nobles,36,F,48472
369,Leilyn Y Landall,87,F,32520
370,Dillo Y Trank,2,M,45468
371,Patrius I Meyerson,50,M,60665
372,Ryanna E Atkinn,88,F,20198
373,Emilian P Barren,86,M,38915
374,Turnest G Morrez,64,M,47875
375,Zechari Y Macia,66,M,19582
376,Claina G Pearsen,42,F,37320
377,Sophine E Aguirrea,19,F,33360
378,Adria S Coopelasquez,88,F,36738
381,Tuckett U Rowlance,37,M,37980
382,Alorina X Staffer,80,F,52097
383,Pauline A Camers,59,F,41204
384,Sheph R Carrero,15,M,70695
385,Valel A Hollips,78,M,29252
386,Zayleigh Z Richang,5,F,55439
387,Gabrie R McKing,89,F,55669
389,Ibram D Rodges,63,M,38364
390,Chaime S Warrell,65,M,33444
391,Jayleigh N Bennis,21,F,10689
392,Katiana M Fuenton,96,F,65776
398,Kamirancy L Barritt,89,F,45857
401,Aaraven M Bauerry,41,M,42464
404,Timon B Parry,39,M,20776
405,Saris Q Ferges,32,F,11736
406,Rylah L Macdon,68,F,62554
407,Tannon J Bernan,52,M,63700
408,Wilden X Thompton,59,M,61344
410,Thias J Matts,88,M,20430
411,Collio M Navalos,66,M,71588
412,Keandley J Randt,59,M,16059
413,Brayson U Salina,25,M,56311
417,Mariella O Hebers,84,F,15348
418,Dorin B Brooker,52,M,20039
419,Lennedi J Wriguez,56,F,42066
420,Kaire H Deckers,52,F,24893
421,Amarai G Fren,69,F,29964
422,Fatie A Vela,88,F,11590
423,Lilyn G Browningh,46,F,47627
424,Evanna R Dicker,70,F,17384
425,Kassa K Melez,98,F,45918
428,Finlee N Villis,74,F,36030
429,Myler Q Glas,3,M,46667
430,Stelle N Mull,37,F,69272
431,Jaylanie X Quinters,2,F,25892
434,Erinne C Esquez,20,F,31501
435,Tatumn Z Hodgera,56,F,49592
436,Fordy L Sander,87,M,34912
437,Bene O Horner,24,M,25389
439,Andia E Kerray,52,F,58466
444,Loch F Tucklan,30,M,36127
445,Dariar Q Dickman,20,M,40863
446,Jessia C Warroyo,15,F,28808
447,Parkus K Warey,75,M,21434
449,Aaraver E Chrison,62,M,67216
452,Adriella L Steph,5,F,35608
456,Marson A Macios,73,M,66218
457,Jadelynn G Bauerrero,13,F,46321
458,Kobert W Weaves,64,M,12725
459,Walton E Raymon,26,M,55954
461,Keylan O Vaugher,46,F,43681
464,Reesis L Woodwin,42,F,72917
465,Heaton O Parrea,26,M,33212
467,Valee W Woodman,11,F,69117
468,Deandry Q Morancock,41,M,27775
469,Robe H Dougher,68,M,20082
470,Vadalyn R Webstes,63,F,54502
471,Aiya M Navage,17,F,27413
474,Kaith N Walta,2,F,39214
476,Elyson R Barrill,77,F,49932
477,Alaysia O Hayne,73,F,58360
478,Jolina P Ander,45,F,20544
479,Zaine L Fishop,68,M,64696
481,Rylina Z Espino,23,F,58585
484,Kather T Collinas,86,F,24450
486,Laness L Blano,93,F,69024
487,Messon C Coper,42,M,64739
488,Blaker L Solon,12,M,45739
491,Keirah T Aguilarks,96,F,27410
493,Skylan M Montry,32,M,10697
494,Alexie L Farmero,18,F,74940
497,Gatling T Shard,52,M,35180
498,Gunnand M Fross,85,M,55727
499,Ariara K Brence,84,F,49538
500,Sadilyn E McDowe,97,F,18533
501,Astrice L Speard,37,F,17348
502,Ashlee B Pines,48,F,56149
503,Fabias L Stuare,36,M,34974
505,Leign Y Garnes,17,M,75248
506,Laine M Flowart,63,F,40079
508,Romise Z Aceves,15,F,12295
509,Emeron S Bernandez,54,M,55137
510,Jenny J Cainez,68,F,58623
511,Emman E Schang,88,M,51125
512,Julisol J Burner,78,F,24288
513,Levin Y McDonard,43,M,66367
514,Brocky M Muelas,30,M,39118
515,Ster E Hollalon,12,M,28667
516,Kamira J Doming,50,F,68357
519,Adely F Castian,56,F,70517
521,Hollamy M Vargan,44,F,27627
522,Edences F Donard,68,F,59062
524,Biana V Leacho,70,F,51690
526,Santin X Clard,37,M,37697
527,Kaiyah W Harthy,57,F,22705
530,Moham H Pittley,12,M,34808
535,Cassie J Howay,90,F,71824
536,Augustine S Coron,52,F,29420
537,Chai N Hubert,42,M,46130
538,Charla E Flore,75,F,54913
539,Matt Q Olivan,85,M,66430
542,Olivan B Maring,7,M,64258
543,Jamerson P Maldwin,46,M,12322
544,Dyla D Glove,87,F,34215
545,Jayleine I Carpence,14,F,23553
546,Mckenne P Moodwin,45,F,56920
547,Bake G Avalon,44,M,75388
548,Wyntha K Burtill,84,F,36594
549,Russe G Odona,42,M,54291
550,Chris Q Charlson,54,F,49375
551,Mosher D Villey,54,M,41674
552,Sincenzo R Spencis,77,M,64820
554,Zariana X Beills,18,F,11575
555,Deanuel D Roachols,97,M,26949
556,Annedy L Pres,32,F,65265
557,Gene W Harvis,50,M,37640
558,Edence K Frazie,27,F,62519
561,Warres U Watton,64,M,57818
565,Ailena A Thorner,49,F,53225
569,Emilip I Rivan,18,M,72187
570,Laylara D Schmon,7,F,38358
571,Elises Y Smitts,44,M,68083
572,Grahammed X Webers,89,M,33784
573,Hailani I Frien,53,F,50576
575,Bishaan N Navala,65,M,47996
576,Romas P Evanton,28,M,54650
577,Steph X Mars,12,M,61470
578,Dalten J Flowarding,22,M,65809
579,Warrett U Juart,11,M,59026
580,Willia J Farmons,42,F,26224
581,Arelle P Dunning,80,F,70299
584,Frey Z Summery,14,F,35829
585,Samary T McLeach,5,F,35394
586,Colem X Blank,30,M,44522
587,Sylan T Draker,67,M,49761
589,Yamila R Flowards,51,F,58612
591,Georgina G Dalter,87,F,57865
594,Kaylah L Gallarr,88,F,16702
596,Demin H Duarty,7,F,28922
599,Adrie L Allinez,60,F,43338
600,Baileen Y Kennell,24,F,50317
601,Teren N Hendrandt,45,F,54136
602,Angelice Q Speards,70,F,25315
603,Immad X McLaugh,90,M,21659
605,Xavian B Wheelen,3,M,31820
606,Mareta H Bens,80,F,37769
607,Ryden L Cervanson,80,M,12755
608,Keathan I Andrick,29,M,28188
609,Londra I Cranch,61,F,42502
610,Lorelice D Bucklan,22,F,70248
611,Kailee Q Santes,93,F,26156
612,Salvin S Edwartes,53,M,57177
613,Lelan N Gold,43,M,66888
614,Arien G Medrado,38,M,22128
615,Torincy G Sing,15,M,21806
616,Marlow E Auston,83,F,11518
617,Mitcher X Reyer,10,M,40361
618,Jayley I Stana,34,F,15000
619,Denni D Bauerty,93,M,56185
620,Coriam D Silvan,47,F,49231
621,Alisa J Lest,44,F,22638
624,Allian P Prick,42,F,45883
625,Lyrica P Willes,61,F,55903
626,Kell K Harrings,80,M,18187
627,Aidas K Cookes,89,M,71152
628,Torian G Niel,77,M,20866
629,Krison P Duff,22,M,13855
630,Ilia B Staffers,74,F,46597
632,Angeli T Calhoung,25,F,71038
636,Achie K Quintos,37,M,19685
637,Caire V Robert,39,M,54629
640,Shan J Sween,48,M,24207
641,Dannor Z Flor,11,M,49492
642,Alica X Coopez,48,F,15506
644,Amirace T Vaughes,39,F,13418
645,Veron N Gutis,93,F,16613
648,Rodriel N Turne,98,M,26564
649,Alexanda X Arrolla,7,F,32489
650,Chaddux L McLaughn,97,M,40817
651,Millen R Cummers,52,M,52430
652,Nayana A Edwardson,71,F,57468
653,Julina K Port,15,F,21938
654,Finner Z Oconner,19,M,21539
655,Skyles Y Zaval,12,M,67757
656,Ephraime A Gillin,55,M,52395
657,Andry V Ellins,39,M,71212
658,Astrel S Millen,73,F,34305
660,Coriah U Richols,2,F,42648
661,Kaylor S Wiles,3,F,30935
664,Harli T Shards,37,F,30050
666,Brynley C Heathis,9,F,61305
667,Holla F Briders,45,F,66159
668,Hayd N Caller,71,M,34632
669,Naye E Nich,43,F,62740
670,Scarly A Will,60,F,43270
671,Kannor Z Wates,44,M,21719
672,Jorgan Z Sell,86,M,38448
674,Caston D Bran,12,M,38515
676,Jade U Fole,71,M,17816
677,Micho R Rower,6,M,44449
678,Bronso K Andriguez,6,M,49342
679,Eddiel E Grosta,65,M,14251
681,Emilly H Hughersons,89,F,34371
683,Willian N Richmitts,41,M,34755
687,Cassiah U Fosta,27,M,33702
689,Laure C Avalas,94,F,68956
690,Idriah F Winter,10,M,51057
691,Willin U Walla,28,M,57666
693,Daxtyn U Valender,41,M,66054
697,Miria H Barrells,76,F,67001
698,Damison W Baxterson,65,M,58696
700,Dallan X Stoney,89,M,39072
703,Kendry C Roachoa,36,M,51851
704,Bennon D Mald,37,M,39741
705,Arelen P Abbotter,84,F,39018
706,Jaely D Cunn,54,F,51081
708,Liber S Bentrera,12,F,28492
709,Kimberty J Martone,21,F,70121
711,Aline E Nels,70,F,61486
712,Yamily O Jarade,64,F,74928
713,Adelene U Wyatts,30,F,72085
715,Emmed M Howers,44,M,46381
717,Ronny F Cobbs,3,M,45703
718,Marsha T Balls,50,M,24261
719,Jazmington U Hayna,22,F,61607
721,Barbarah O McBridge,72,F,28659
722,Queena F Balla,2,F,48500
723,Since M Donado,91,M,50444
725,Penevie B Lawreno,84,F,61890
726,Chan Z Curtine,72,F,10697
727,Kadelin C Mart,43,F,34839
728,Louiel Z Frantu,39,M,63173
730,Paisie X Salacios,55,F,36704
731,Adric Y Franters,58,M,34190
732,Daniya A Kramers,31,F,32896
734,Kassie C Fuentle,50,F,21795
735,Cassan Y Caldez,34,M,25543
736,Fayelila D Mannor,52,F,55133
737,Joselle H Blaker,75,F,52816
739,Patric Q Fros,8,F,45786
740,Daxtonin B Solines,35,M,17678
741,Kamrynn I Aguirez,57,F,64439
743,Brodiel B Pine,8,M,43851
744,Salvatorent V Dick,88,M,68180
746,Ensleigh T Horntosh,31,F,47213
747,Tali D Hoovery,87,F,55333
748,Marles N Gillock,18,M,58363
749,Mayah M Martes,51,F,10862
750,Princy U Berra,47,M,12580
751,Adon P Doughn,30,M,65858
753,Ophel G Barrong,66,F,37520
754,Marker F Pollo,59,M,64879
756,Giannab U Carty,6,F,60026
757,Gemmary L Hutchelps,27,F,45598
758,Georgan N Mirano,10,M,29214
760,Cassa F Monters,56,F,55055
761,Aver D Marthy,68,F,42167
762,Stevienne Z Dennando,60,F,69887
764,Kelsea W Hicker,33,F,47056
765,Prin C Nichoa,29,M,69997
767,Havenly U Cartz,94,F,60970
769,Brayle F Mackwell,90,M,50622
773,Ishawn X Montgomez,20,M,57372
775,Carlow Y Guerray,40,F,33022
776,Lond Q Penas,3,M,34361
778,Lilynn H Jiment,67,F,26183
779,Alessa A Golds,61,F,66181
781,Johand D Morest,27,M,45686
782,Ayline Q Burker,45,F,18398
783,Arleta A Buchard,10,F,45783
785,Kylina G Beltrade,85,F,41203
787,Jadelen A Litt,36,F,60183
788,Clary Z Nolano,27,F,36931
793,Canael L Valds,27,M,43893
794,Ingrida L Lawsons,58,F,32389
796,Hadleen E Fullips,46,F,42476
798,Emillow Q Watter,1,F,46087
799,Emberlee M Stephen,15,F,73014
801,Jakota T Meyes,22,M,21518
802,Jasen W Mayne,31,M,40998
803,Quin R Cald,6,M,32678
804,Galiana I Armstro,6,F,62382
805,Stely P Dawsons,59,F,30789
806,Sores X Collack,7,M,13270
807,Jaysen Q Yoders,20,M,64810
808,Scarlee W McGuirre,59,F,59724
809,Alfonson K Roachers,34,M,37357
811,Dyland A Torritts,36,M,17697
814,Aliselyn C Avera,27,F,18791
816,Math B Mahones,65,M,43764
818,Janey C Hunters,48,F,45265
819,Lawrend O Parrera,82,M,53540
820,Kayley Y Parray,4,F,29226
821,Conni I Bish,35,M,60756
822,Fayelice Q Farreros,95,F,52974
824,Keilan L Huffy,12,F,69498
825,Evienny R Micho,67,F,42822
826,Morgia K Beckers,32,F,13432
827,Jadalupe I Harden,57,F,17079
828,Camed W Nichael,84,M,20733
830,Harrett U Rodrick,73,M,12375
831,Damar G Patts,13,M,27892
832,Este C Payna,22,F,42930
833,Augustin P Castana,45,M,55128
834,Valeah C Pratters,76,F,42973
835,Claide T Castradows,59,F,62900
837,Arley Q Baller,12,F,30745
839,Braylan J Sala,70,M,38360
840,Valea N Galvaram,51,F,52542
841,Harmonel E Carris,6,F,72662
843,Emilith I Aver,4,F,57458
845,Dellyse E Adamsey,4,F,53023
846,Dakai H Gaters,98,M,66781
847,Cadele O Corroyo,7,F,61058
848,Lachari F Popelass,28,M,33962
849,Lilani F Allips,44,F,41631
851,Esmeroni X Roses,72,F,21683
852,Laurynn S Hort,25,F,55116
853,Auren S Russeller,61,F,62954
854,Prinia X Harra,64,F,71188
857,Sandry Y Reevens,89,F,45966
859,Lennahi S Armstron,64,F,63288
860,Kinlee M Wards,50,F,41201
861,Veranca V Brownsen,26,F,72975
865,Kaid E Andero,41,M,24623
866,Aylee B Fletone,14,F,67482
867,Adries H Ponceroa,31,M,47443
868,Novan B Bensen,98,M,55242
869,Pier O Roble,30,M,65518
871,Addisy J Raymons,12,F,72640
872,Lilia L Livino,24,F,42316
873,Matthiago O Prickley,91,M,12924
874,Rileah Q Franeda,70,F,15663
875,Liviana S Sandt,67,F,30994
880,Malilah W Hartegas,85,F,37392
881,Romine M Hooverson,8,F,52576
884,Beatric D Davens,98,F,51269
888,Domin Y Corton,88,M,22211
889,Jayce B Fletcherd,64,F,66755
890,Lorella V Jimes,22,F,47001
891,Derrett G Galina,86,M,43349
892,Palomary H Schrane,79,F,31265
893,Nadily V Valey,53,F,58422
894,Charl J Grane,55,M,26016
895,Pedrick E Velard,98,M,43170
896,Landrew H Coope,100,M,38411
898,Harvin Y Doyler,13,M,38510
899,Mosherd O Espardson,99,M,40426
902,Lilline O Andrady,51,F,47495
903,Zaine H Lean,7,F,17616
904,Anaisy X Mortiz,68,F,49375
905,Zoralda M Fuentine,72,F,29472
906,Fishawn R Brada,47,M,12471
907,Tobian G Balder,11,M,26258
912,Collon F Yodes,42,M,13514
914,Aniyana K Solishop,20,F,36145
915,Trevon F Elliver,12,M,55094
917,Lerome Z Scha,37,M,59517
918,Terrank O Camery,3,M,42491
921,Ellamy H Noland,94,F,74627
923,Bradler F Harron,10,M,68219
924,Jamien K Harpencias,35,M,17689
925,Deacob G Gatel,100,M,29597
926,Adris J Robers,86,M,58370
927,Melanna B Barris,62,F,51180
928,Blakenzie V Delazar,46,F,32722
932,Shepher J Lopelan,12,M,25310
933,Waylor M Englis,58,M,52674
934,Ganny N Lucer,31,M,13573
935,Aalie Q Hornton,82,F,52062
939,Bayla W Conroe,31,F,23882
941,Tobiano L Espinoz,51,M,50028
942,Kyreed L Morges,11,M,36919
943,Spencenzo V Cormicks,100,M,37138
944,Maret S Averett,97,F,19920
945,Ayde B Barro,24,M,51876
946,Aaro S Ston,62,M,57109
947,Kendy W Well,56,F,52837
948,Annielle O Claro,15,F,65917
949,Doming N Padiller,70,M,16766
950,Azaleah F Hilliotts,27,F,46045
951,Kail B Mullock,94,F,33001
952,Kimory D Stuarey,20,F,35222
955,Ronnor D McMahone,32,M,59733
956,Marinn N Hens,27,F,10268
958,Charleta Q Chard,9,F,21342
959,Grego J Grahang,67,M,47644
960,Emmelynn T Popez,82,F,71610
961,Draker U Chamb,82,M,46253
963,Ashe P Weberta,70,M,14443
965,Dantine J Snydena,95,M,47583
966,Baylo Q Fosters,30,M,46654
969,Mariya S Morestes,74,F,38913
971,Landan S Cueva,26,M,14870
973,Billishop W Adkinn,100,M,39128
975,Jessa T Gomerman,59,F,55828
977,Malara Z McCano,14,F,25165
979,Lyrick V Pringh,6,M,29658
980,Maises M Morter,68,M,74298
981,Kamar R Velazar,29,M,37844
982,Eugend M Chris,64,M,47566
983,Dalena M Paynard,8,F,12072
984,Timo Z Patter,30,M,30060
985,Mariyah L Batel,7,F,32515
986,Dallow A Peckers,39,F,52921
987,Scarlow X Medings,32,F,13532
988,Gradley Y Wester,79,M,23854
990,Summelyn T Valdwells,53,F,23841
993,Alissa N Florennington,21,F,17648
994,Kimony C Shephers,72,F,25785
995,Gretzi W Morsen,59,F,48029
996,Nata U Canter,32,F,54737
997,Camie A Moralds,76,M,17556
1001,Randerick H Conney,26,M,29138
1002,Karetzi W Pittle,16,F,33778
1003,Phoenity A Butley,89,F,55245
1005,Salvaton S Wilkinner,45,M,15091
1009,Vict J Michmith,34,M,57323
1012,Denvery M Ramores,88,M,14576
1013,Harl G Morrett,19,M,38209
1014,Margaren O Cartler,82,F,28535
1015,Carsyn N Richoa,24,M,24623
1019,Curtin K Obriedman,77,M,10118
1020,Jesis P Kellegos,50,M,22731
1021,Alfrey I Allencer,84,M,71334
1022,Richo F Freno,95,M,16194
1023,Maddisy B Hamirez,93,F,32142
1024,Demett D Hillo,42,M,15469
1025,Urien W Owenson,64,M,33158
1026,Philoh N Morsey,65,M,73584
1027,Shiller J Pitt,97,M,56618
1028,Cameroni W Richann,32,F,28145
1030,Willer J Besters,59,M,74588
1031,Ronander V Klineda,74,M,24343
1032,Livie U Herra,33,F,47350
1034,Reigh H Hamire,39,F,68249
1036,Haileen T Muelard,62,F,66066
1038,Travid I Christer,84,M,13751
1039,Kalina A Sand,56,F,27645
1040,Khall M Horte,13,M,15593
1041,Lennis Q Curtiz,89,M,52526
1042,France V Moyers,47,M,51193
1044,Lenna J Andry,4,F,38924
1046,Rylaren Y Tannor,47,F,46144
1047,Maven S Brennis,26,M,23768
1049,Samiya W Klin,77,F,74275
1051,Amelyn P Spentura,30,F,54357
1053,Alive M Garrera,28,F,71409
1054,Kamery H Hollo,82,M,36247
1055,Richariel U Burger,16,M,33127
1058,Kartin P Suarton,86,M,13034
1059,Adelin Z Potters,11,F,60453
1060,Cassah O Books,69,F,29056
1062,Emelis K Gomeron,6,F,10256
1063,Katalynn D Blandt,54,F,70617
1064,Fatiana D Shephens,62,F,62722
1065,Lorelyn X Willer,62,F,35668
1068,Mariel T Ferg,15,F,35191
1070,Traven H McCart,60,M,37247
1072,Lexis J Moorence,97,F,15698
1074,Lailey A Velass,37,F,20836
1075,Alariah M Warne,72,M,29910
1076,Dillen V Garre,92,M,21595
1079,Pres T Hollar,29,M,61916
1080,Lyrice T Stantu,74,M,35085
1082,Celena N Vanchan,100,F,19603
1083,Jacqueli S Macdonard,55,F,69200
1086,Jille N Callace,46,F,57768
1088,Joses H Medinguer,73,M,36675
1089,Xavid J Pherts,37,M,69386
1090,Serenia W Tuck,95,F,46351
1092,Erikaelyn T Poncero,68,F,74636
1096,Sela O Glenzuell,68,F,18007
1097,Brayde I Hickson,17,M,22835
1099,Ronah L Roseph,62,M,28397
1101,Jolena Z Salines,94,F,48562
1102,Paxtyn R Mahony,40,M,34943
1104,Kenix K Bowe,98,F,17962
1105,Joaquie M Pears,43,M,51658
1106,Grahir C Sampbell,45,M,30215
1107,Hollina W Cherman,26,F,26481
1109,Quince A Jennett,88,M,65098
1110,Emmanie H Pierrea,7,M,27115
1111,Marl K Morrea,39,M,59505
1113,Isabetha F Hannis,30,F,30478
1114,Rosalina F Mahon,94,F,34009
1115,Pearlee M Whitake,66,F,20391
1117,Fernan G Bailes,48,M,59792
1119,Chriscilly V Everez,17,F,14398
1122,Sonni K Marton,7,M,36382
1123,Estrel O McCarte,21,F,48477
1124,Virgia H Vald,55,F,32510
1125,Callus I Hooverez,95,M,15527
1126,Melane A Jennan,7,F,56908
1127,Graylando O Mirance,90,M,63941
1128,Scarla S Fowlano,51,F,47893
1129,Milee Z Villo,13,F,59309
1130,Annalie K Blanc,48,F,35145
1131,Jaycent D Sheppark,12,M,69566
1134,Leonan K Mannan,94,M,65920
1135,Stephine D Garnett,56,F,11801
1136,Harlet B Barke,16,F,53574
1137,Riles C Clarker,93,M,16346
1138,Lyler U Juartz,50,M,70138
1139,Kennahi J Kentin,40,F,34535
1141,Caline G Steelenn,50,F,70791
1142,Imrancer H Avala,83,M,53751
1143,Jaydence Q Murra,99,F,42643
1144,Mala I Curra,60,F,58351
1145,Malie G Monradley,7,F,47596
1146,Allace P Davery,75,M,46612
1147,Elisher X Thorton,55,M,35976
1149,Adalle M Summing,69,F,59181
1150,Camilany F Gall,63,F,32018
1151,Maddilynn G Wyatton,75,F,39786
1152,Emmer X McCuller,54,F,29455
1153,Madelen L Brookes,82,F,53206
1155,Gavian S Jone,94,M,38830
1159,Chasey W Bauert,52,M,72082
1163,Adrice Q Cochroe,21,M,60244
1164,Kynley Y Harrin,62,F,43858
1165,Dennon F Lamberson,68,M,33798
1166,Ather S Allina,93,F,45277
1169,Giovan M Morters,87,M,25287
1170,Franson E Garden,63,M,15400
1171,Danner F Paulkner,36,M,56679
1172,Hayda L Padillo,62,F,65362
1173,Thaddux D Naval,81,M,12057
1174,Wellum K Bent,14,M,65487
1175,Zakari G Hendo,93,M,59848
1176,Marlos R Frenchard,80,M,57308
1178,Rodrien A Clair,23,M,20149
1179,Remian J Pratts,6,M,24758
1180,Chella U Herreal,98,F,68853
1182,Sloaney U Bendry,33,F,68511
1184,Eliam C Hammons,48,M,65383
1188,Bjor A Gravo,51,M,52992
1190,Sabrie W Garry,39,F,35767
1191,Fishe R Georgas,68,M,21180
1194,Juliam K Georges,23,M,71294
1195,Londolyn O Cart,50,F,40447
1196,Wayler U Rander,100,M,70513
1197,Alder B Undez,75,M,68754
1200,Daisley C Shelps,61,F,27088
1201,Emilani B Hilley,51,F,20557
1202,Celinab H Arro,75,F,49923
1203,Archellum A Montgomer,32,M,58781
1204,Amary D Terrera,18,F,61302
1205,Alon Y Velack,84,M,25919
1208,Gemmara C Swans,64,F,48966
1209,Ander W Sparker,47,M,25833
1210,Siera D Chaver,32,F,37567
1211,Mathancis Q Schwarty,41,M,28002
1212,Sonnon L Skinson,53,M,17559
1214,Simo B Pacho,59,M,43971
1218,Mylanna A Mitchez,60,F,52678
1223,Terric Y Morrown,70,M,26515
1225,Averia C Gentura,93,F,13977
1226,Canny L Danields,55,M,49152
1227,Kartis E Morron,85,M,53604
1228,Nolas Y Cames,97,M,57708
1231,Gabrie M Faul,87,M,47102
1233,Keilynn C Vales,82,F,50702
1236,Alandy L Rhoders,18,M,35144
1237,Valent J Moodman,47,M,72782
1239,Hassius O Jameroa,88,M,69811
1241,Marya H Sparza,49,F,61372
1242,Mauricho P Morrister,52,M,66649
1244,Perly F Carritts,13,F,49665
1245,Aurorah K Summero,43,F,32389
1247,Emberty L Salgadows,16,F,34111
1248,Dustus O Hurles,57,M,38296
1249,Leonidan U Garra,30,M,71574
1250,Coenick W Thort,12,M,71066
1251,Erner O Diller,71,M,11390
1252,Madie X Reillon,62,F,68343
1253,Carmonica H Farmond,57,F,16444
1254,Bennox J Rhoderson,90,M,22949
1255,Amberly P Zimmerosby,6,F,56222
1256,Tanni C Sweenez,82,M,55831
1257,Rohand I Crosa,26,M,46466
1259,Arel M Gonzalen,87,F,73180
1260,Dallia C Halez,93,F,62683
1261,Fransh Q Cooks,70,M,68284
1262,Rander J Luce,18,M,32502
1263,Skylah T Camach,27,F,34338
1264,Vaney T Bendez,67,F,52388
1265,Kennan Q Corte,55,M,57594
1266,Dennan L Cherd,14,M,34312
1267,Well T Farmery,50,M,31009
1268,Josephie Q Tates,38,F,59604
1269,Stephie Q Villace,79,F,28087
1270,Ivannor N Sanda,81,M,18411
1271,Donova A Monradleton,43,M,30691
1273,Charlette H Heberts,14,F,30295
1274,Clari J Estrade,26,M,72905
1276,Lesley H Alvan,18,F,74189
1279,Waylan U Santanley,12,M,58707
1281,Connett O Pater,11,M,38078
1282,Hunte B Duare,69,M,14350
1283,Bayle F Ryanter,95,M,71420
1284,Allachael Q Chanda,24,M,38496
1287,Kaises Z Leacherd,56,M,57169
1288,Haron S Castrado,51,M,25978
1289,Baylah S Andright,12,F,72418
1290,Harlos O Valder,78,M,28532
1291,Natalee L Sheparza,43,F,49755
1292,Willison P Edwartman,11,F,11105
1293,Sorence B Barty,84,M,25317
1296,Nasiah L Jarajas,39,M,52639
1297,Forrett V Rogera,51,M,19566
1300,Novann W Shell,27,F,57694
1301,Silan I Crosta,84,M,28447
1303,Galiya D Ocho,12,F,69599
1304,Justian V Dalters,57,M,45325
1306,Vivianna F Rhoder,85,F,61199
1307,Every A Vele,53,F,29340
1309,Alliope T Westers,20,F,62905
1310,Alaine Y Garrez,32,F,66417
1311,Xzavis Q Herrea,19,M,62484
1312,Kaliana O Bradfordan,10,F,39627
1315,Malil L Taylores,73,M,53378
1316,Donardo U Rodger,49,M,36292
1317,Kendry Y Morrera,47,F,12889
1319,Colet K Clarks,90,F,26622
1320,Calliott J Hughan,14,F,15246
1322,Naomine C Maldson,6,F,51504
1325,Ganni O Frosby,75,M,52643
1326,Carles E Paters,62,M,69568
1327,Carolie U Grosas,55,F,55966
1329,Ettany Q Parrett,71,F,42724
1331,Blaide H Brado,46,F,37043
1333,Giovannox K Wardy,47,M,61901
1337,Maris A Myer,93,F,37757
1339,Reyan I Dunnis,28,M,12436
1340,Estricia O Pughlines,91,F,39398
1341,Alise O Monton,28,F,30237
1342,Sinceton L Pier,85,M,28848
1344,Malayne S Bullips,84,F,36287
1345,Franda U Muell,23,F,39802
1346,Whitlyn M Morancha,35,F,33868
1347,Berkleen C Connett,75,F,30507
1348,Lucilly N Hartes,82,F,57695
1349,Willie B Novalos,72,F,14909
1350,Rosemara R Perkinn,59,F,67590
1351,Lillow P Schneil,68,F,48220
1353,Taliya V Parshall,85,F,52198
1354,Andriana Z Oneillo,21,F,74437
1355,Jameron P Austian,21,M,38878
1357,Summeron O Evantin,95,F,63525
1358,Coria S Murillish,47,F,20634
1360,Derren X McLaugher,47,M,55108
1361,Harla F Gents,22,F,32144
1362,Imanthia N Matter,26,F,17959
1363,Teredi X Hailey,63,F,50634
1365,Saylory U Chavens,42,F,63266
1367,Joan H Gutierry,75,F,75376
1368,Kendan S Blander,53,M,31199
1370,Vice L Callan,60,M,53351
1371,Boonel U Hanceroa,3,M,27195
1372,Gunnett W Water,87,M,18820
1373,Adelah B Escobson,52,F,38415
1375,Brantian E Josephen,31,M,27075
1382,Lilla M Malobos,67,F,68885
1383,Zachie R Piercado,68,M,26462
1385,Ericia M McKings,99,F,67966
1386,Jadelyn E Lowelles,1,F,73273
1387,Rayles N Steves,35,M,57969
1388,Moseph T Lando,79,M,59860
1389,Maisley A Solomons,73,F,52281
1391,Belena J Wallard,94,F,27310
1392,Trenzo H Tatel,4,M,42560
1393,Rodrice V Kentineda,25,M,70022
1394,Khallum R Campson,64,M,19436
1395,Katherie O Blacias,65,F,36946
1396,Shelsea S Jennis,42,F,40104
1397,Meghany U Contrell,21,F,56918
1398,Remina R Anders,20,F,37580
1399,Branco K Salacia,65,M,16895
1400,Marcell B Butle,61,M,64476
1401,Kamily N Roger,45,F,33899
1402,Tannor H Rowers,93,M,31913
1405,Cecilith D Bradler,100,F,64298
1406,Sorey J Jose,53,M,27679
1407,Vivan N Mullier,98,M,57770
1409,Oscard R Crance,8,M,63561
1411,Valen J Nolank,43,M,16704
1413,Quenton Q Morano,8,M,54140
1415,Kamario W Mullin,24,M,25194
1419,Marenix Y Erickman,17,F,25634
1420,Yareta R Richmon,7,F,66791
1423,Veroni C Hampbell,16,F,52969
1424,Abdullas I Ortez,100,M,13469
1426,Malanie T Strice,52,F,13154
1427,Presa H Tyle,35,F,70823
1428,Denverick H Hayder,55,M,21280
1429,Kelle M Owensen,80,F,26016
1430,Brenzo S Padilliver,74,M,21355
1436,Nayeliet P Veler,50,F,13459
1437,Alejand G Jensley,98,F,64453
1438,Ramond F Weston,70,M,41878
1439,Samilet Z Sandova,20,F,58448
1440,Barry F Spench,95,M,70345
1441,Brence F Villack,84,M,68597
1442,Castias Q Canning,61,M,26640
1443,Madely C Huert,10,F,30041
1444,Fabiano J Rowlandoza,12,M,31649
1445,Chany O Dudler,33,F,43025
1447,Estelynn D Barada,25,F,10280
1448,Terrancis M Stane,8,M,66210
1449,Brian C Brane,97,F,25641
1450,Ronidan V Marker,16,M,28706
1452,Kennar F Scotts,5,M,14632
1453,Mada F Donovak,39,F,67173
1455,Rick C Fiel,85,M,39322
1456,Emand Q Jacobar,26,M,44607
1457,Zayde J Contes,95,M,57913
1458,Melope Z Simmerong,35,F,34784
1460,Joleta H Cuevara,17,F,47020
1461,Charleth H Costes,32,F,45900
1465,Alliet Z Rodright,61,F,55106
1467,Cannis V Hernard,37,M,65249
1470,Phill K Montrell,67,M,43751
1472,Cannox Z Vill,38,M,54814
1473,Wessell O Rodge,13,M,68952
1481,Haisline K Calla,10,F,19192
1482,Kriston R Stuarez,99,M,14867
1483,Kylon H Lindolph,23,M,30780
1484,France F Bookes,81,F,42436
1485,Amalyn G McDonalder,71,F,54054
1487,Rock G Barnerosa,56,M,20072
1488,Omarius W Bark,25,M,57620
1489,Abrahammad A Hubers,3,M,48621
1491,Adrielana F Hamilla,4,F,65462
1493,Preslie X Henship,94,F,66253
1494,Zandrew C Rogerson,42,M,54212
1495,Carlon E Kennett,57,M,36870
1496,Jamiley F Sweene,2,F,53967
1498,Maley D Blace,32,F,11935
1499,Reyante M Elliams,84,M,22392
