uid,name,age,gender,zip,disease
0,Gordan E Acost,83,M,73188,Sinus Infection
1,Leonis R Cherd,5,M,18107,Strep Throat
2,Bennor F Quintes,32,M,60519,Lung Cancer
3,Lelan E McKent,26,M,26603,Ear Infection
4,Amine G Acoster,9,F,38492,Diabetes
5,Ellin L Marton,32,M,52050,Migraine
6,Alaire L Lowers,56,F,12328,Lung Cancer
7,Chelle F Klinas,84,F,52793,Asthma
8,Maline T Gilmora,26,F,64159,Diabetes
9,Elissa R Osbornes,58,F,14207,Migraine
10,Dillis A Meding,16,M,56327,Lung Cancer
11,Calvatore P Gilber,24,M,32581,Pneumonia
12,Coriah L Wilker,29,F,24116,Asthma
13,Grahir I Nichann,59,M,15480,Pneumonia
14,Aalia P Hayders,29,F,12221,Migraine
15,Corbyn G Glasquez,84,M,55514,Bronchitis
16,Stephan G Youn,3,F,13479,Bronchitis
17,Ellia I Herren,26,F,16933,Sinus Infection
18,Dalter M Martler,95,M,61567,Sinus Infection
19,Patric Z Fordovak,17,M,10646,Diabetes
20,Nick T Villin,95,M,63374,Heart Disease
21,Becken M Groster,17,M,27580,Strep Throat
22,Beatric G Sweenez,98,F,58519,Heart Disease
23,Alissa Z Harmond,74,F,72112,Pneumonia
24,Sienne L Corters,65,F,43604,Bronchitis
25,Alvaton D Guert,77,M,21566,Asthma
26,Kailee Q Lower,87,F,12729,Asthma
27,Laina K Maynes,33,F,73551,Lung Cancer
28,Joella Q Mayers,83,F,35588,Lung Cancer
29,Stelle T Franda,24,F,70176,Ear Infection
